derivation,case_id,metric,ruby_value,julia_value,absolute_difference,comparison_mode,status,result_class
two_object_phase,d=2/5;phase=0,p_alpha,0.6,0.6,0.0,exact,match,model consequence
two_object_phase,d=2/5;phase=0,p_polymorphy,0.0,0.0,0.0,exact,match,model consequence
two_object_phase,d=2/5;phase=0,p_kappa,0.4,0.4,0.0,exact,match,model consequence
two_object_phase,d=2/5;phase=0,alpha_entry_count,1.0,1.0,0.0,exact,match,model consequence
two_object_phase,d=2/5;phase=0,alpha_mean_bout_fraction,0.6,0.6,0.0,exact,match,model consequence
two_object_phase,d=2/5;phase=0,alpha_maximum_bout_fraction,0.6,0.6,0.0,exact,match,model consequence
two_object_phase,d=2/5;phase=0,alpha_bout_variance_fraction_squared,0.0,0.0,0.0,exact,match,model consequence
two_object_phase,d=2/5;phase=1/40,p_alpha,0.575,0.575,0.0,exact,match,model consequence
two_object_phase,d=2/5;phase=1/40,p_polymorphy,0.05,0.05,0.0,exact,match,model consequence
two_object_phase,d=2/5;phase=1/40,p_kappa,0.375,0.375,0.0,exact,match,model consequence
two_object_phase,d=2/5;phase=1/40,alpha_entry_count,1.0,1.0,0.0,exact,match,model consequence
two_object_phase,d=2/5;phase=1/40,alpha_mean_bout_fraction,0.575,0.575,0.0,exact,match,model consequence
two_object_phase,d=2/5;phase=1/40,alpha_maximum_bout_fraction,0.575,0.575,0.0,exact,match,model consequence
two_object_phase,d=2/5;phase=1/40,alpha_bout_variance_fraction_squared,0.0,0.0,0.0,exact,match,model consequence
two_object_phase,d=2/5;phase=1/20,p_alpha,0.55,0.55,0.0,exact,match,model consequence
two_object_phase,d=2/5;phase=1/20,p_polymorphy,0.1,0.1,0.0,exact,match,model consequence
two_object_phase,d=2/5;phase=1/20,p_kappa,0.35,0.35,0.0,exact,match,model consequence
two_object_phase,d=2/5;phase=1/20,alpha_entry_count,1.0,1.0,0.0,exact,match,model consequence
two_object_phase,d=2/5;phase=1/20,alpha_mean_bout_fraction,0.55,0.55,0.0,exact,match,model consequence
two_object_phase,d=2/5;phase=1/20,alpha_maximum_bout_fraction,0.55,0.55,0.0,exact,match,model consequence
two_object_phase,d=2/5;phase=1/20,alpha_bout_variance_fraction_squared,0.0,0.0,0.0,exact,match,model consequence
two_object_phase,d=2/5;phase=3/40,p_alpha,0.525,0.525,0.0,exact,match,model consequence
two_object_phase,d=2/5;phase=3/40,p_polymorphy,0.15,0.15,0.0,exact,match,model consequence
two_object_phase,d=2/5;phase=3/40,p_kappa,0.325,0.325,0.0,exact,match,model consequence
two_object_phase,d=2/5;phase=3/40,alpha_entry_count,1.0,1.0,0.0,exact,match,model consequence
two_object_phase,d=2/5;phase=3/40,alpha_mean_bout_fraction,0.525,0.525,0.0,exact,match,model consequence
two_object_phase,d=2/5;phase=3/40,alpha_maximum_bout_fraction,0.525,0.525,0.0,exact,match,model consequence
two_object_phase,d=2/5;phase=3/40,alpha_bout_variance_fraction_squared,0.0,0.0,0.0,exact,match,model consequence
two_object_phase,d=2/5;phase=1/10,p_alpha,0.5,0.5,0.0,exact,match,model consequence
two_object_phase,d=2/5;phase=1/10,p_polymorphy,0.2,0.2,0.0,exact,match,model consequence
two_object_phase,d=2/5;phase=1/10,p_kappa,0.3,0.3,0.0,exact,match,model consequence
two_object_phase,d=2/5;phase=1/10,alpha_entry_count,1.0,1.0,0.0,exact,match,model consequence
two_object_phase,d=2/5;phase=1/10,alpha_mean_bout_fraction,0.5,0.5,0.0,exact,match,model consequence
two_object_phase,d=2/5;phase=1/10,alpha_maximum_bout_fraction,0.5,0.5,0.0,exact,match,model consequence
two_object_phase,d=2/5;phase=1/10,alpha_bout_variance_fraction_squared,0.0,0.0,0.0,exact,match,model consequence
two_object_phase,d=2/5;phase=1/8,p_alpha,0.475,0.475,0.0,exact,match,model consequence
two_object_phase,d=2/5;phase=1/8,p_polymorphy,0.25,0.25,0.0,exact,match,model consequence
two_object_phase,d=2/5;phase=1/8,p_kappa,0.275,0.275,0.0,exact,match,model consequence
two_object_phase,d=2/5;phase=1/8,alpha_entry_count,1.0,1.0,0.0,exact,match,model consequence
two_object_phase,d=2/5;phase=1/8,alpha_mean_bout_fraction,0.475,0.475,0.0,exact,match,model consequence
two_object_phase,d=2/5;phase=1/8,alpha_maximum_bout_fraction,0.475,0.475,0.0,exact,match,model consequence
two_object_phase,d=2/5;phase=1/8,alpha_bout_variance_fraction_squared,0.0,0.0,0.0,exact,match,model consequence
two_object_phase,d=2/5;phase=3/20,p_alpha,0.45,0.45,0.0,exact,match,model consequence
two_object_phase,d=2/5;phase=3/20,p_polymorphy,0.3,0.3,0.0,exact,match,model consequence
two_object_phase,d=2/5;phase=3/20,p_kappa,0.25,0.25,0.0,exact,match,model consequence
two_object_phase,d=2/5;phase=3/20,alpha_entry_count,1.0,1.0,0.0,exact,match,model consequence
two_object_phase,d=2/5;phase=3/20,alpha_mean_bout_fraction,0.45,0.45,0.0,exact,match,model consequence
two_object_phase,d=2/5;phase=3/20,alpha_maximum_bout_fraction,0.45,0.45,0.0,exact,match,model consequence
two_object_phase,d=2/5;phase=3/20,alpha_bout_variance_fraction_squared,0.0,0.0,0.0,exact,match,model consequence
two_object_phase,d=2/5;phase=7/40,p_alpha,0.425,0.425,0.0,exact,match,model consequence
two_object_phase,d=2/5;phase=7/40,p_polymorphy,0.35,0.35,0.0,exact,match,model consequence
two_object_phase,d=2/5;phase=7/40,p_kappa,0.225,0.225,0.0,exact,match,model consequence
two_object_phase,d=2/5;phase=7/40,alpha_entry_count,1.0,1.0,0.0,exact,match,model consequence
two_object_phase,d=2/5;phase=7/40,alpha_mean_bout_fraction,0.425,0.425,0.0,exact,match,model consequence
two_object_phase,d=2/5;phase=7/40,alpha_maximum_bout_fraction,0.425,0.425,0.0,exact,match,model consequence
two_object_phase,d=2/5;phase=7/40,alpha_bout_variance_fraction_squared,0.0,0.0,0.0,exact,match,model consequence
two_object_phase,d=2/5;phase=1/5,p_alpha,0.4,0.4,0.0,exact,match,model consequence
two_object_phase,d=2/5;phase=1/5,p_polymorphy,0.4,0.4,0.0,exact,match,model consequence
two_object_phase,d=2/5;phase=1/5,p_kappa,0.2,0.2,0.0,exact,match,model consequence
two_object_phase,d=2/5;phase=1/5,alpha_entry_count,1.0,1.0,0.0,exact,match,model consequence
two_object_phase,d=2/5;phase=1/5,alpha_mean_bout_fraction,0.4,0.4,0.0,exact,match,model consequence
two_object_phase,d=2/5;phase=1/5,alpha_maximum_bout_fraction,0.4,0.4,0.0,exact,match,model consequence
two_object_phase,d=2/5;phase=1/5,alpha_bout_variance_fraction_squared,0.0,0.0,0.0,exact,match,model consequence
two_object_phase,d=2/5;phase=9/40,p_alpha,0.375,0.375,0.0,exact,match,model consequence
two_object_phase,d=2/5;phase=9/40,p_polymorphy,0.45,0.45,0.0,exact,match,model consequence
two_object_phase,d=2/5;phase=9/40,p_kappa,0.175,0.175,0.0,exact,match,model consequence
two_object_phase,d=2/5;phase=9/40,alpha_entry_count,1.0,1.0,0.0,exact,match,model consequence
two_object_phase,d=2/5;phase=9/40,alpha_mean_bout_fraction,0.375,0.375,0.0,exact,match,model consequence
two_object_phase,d=2/5;phase=9/40,alpha_maximum_bout_fraction,0.375,0.375,0.0,exact,match,model consequence
two_object_phase,d=2/5;phase=9/40,alpha_bout_variance_fraction_squared,0.0,0.0,0.0,exact,match,model consequence
two_object_phase,d=2/5;phase=1/4,p_alpha,0.35,0.35,0.0,exact,match,model consequence
two_object_phase,d=2/5;phase=1/4,p_polymorphy,0.5,0.5,0.0,exact,match,model consequence
two_object_phase,d=2/5;phase=1/4,p_kappa,0.15,0.15,0.0,exact,match,model consequence
two_object_phase,d=2/5;phase=1/4,alpha_entry_count,1.0,1.0,0.0,exact,match,model consequence
two_object_phase,d=2/5;phase=1/4,alpha_mean_bout_fraction,0.35,0.35,0.0,exact,match,model consequence
two_object_phase,d=2/5;phase=1/4,alpha_maximum_bout_fraction,0.35,0.35,0.0,exact,match,model consequence
two_object_phase,d=2/5;phase=1/4,alpha_bout_variance_fraction_squared,0.0,0.0,0.0,exact,match,model consequence
two_object_phase,d=2/5;phase=11/40,p_alpha,0.325,0.325,0.0,exact,match,model consequence
two_object_phase,d=2/5;phase=11/40,p_polymorphy,0.55,0.55,0.0,exact,match,model consequence
two_object_phase,d=2/5;phase=11/40,p_kappa,0.125,0.125,0.0,exact,match,model consequence
two_object_phase,d=2/5;phase=11/40,alpha_entry_count,1.0,1.0,0.0,exact,match,model consequence
two_object_phase,d=2/5;phase=11/40,alpha_mean_bout_fraction,0.325,0.325,0.0,exact,match,model consequence
two_object_phase,d=2/5;phase=11/40,alpha_maximum_bout_fraction,0.325,0.325,0.0,exact,match,model consequence
two_object_phase,d=2/5;phase=11/40,alpha_bout_variance_fraction_squared,0.0,0.0,0.0,exact,match,model consequence
two_object_phase,d=2/5;phase=3/10,p_alpha,0.3,0.3,0.0,exact,match,model consequence
two_object_phase,d=2/5;phase=3/10,p_polymorphy,0.6,0.6,0.0,exact,match,model consequence
two_object_phase,d=2/5;phase=3/10,p_kappa,0.1,0.1,0.0,exact,match,model consequence
two_object_phase,d=2/5;phase=3/10,alpha_entry_count,1.0,1.0,0.0,exact,match,model consequence
two_object_phase,d=2/5;phase=3/10,alpha_mean_bout_fraction,0.3,0.3,0.0,exact,match,model consequence
two_object_phase,d=2/5;phase=3/10,alpha_maximum_bout_fraction,0.3,0.3,0.0,exact,match,model consequence
two_object_phase,d=2/5;phase=3/10,alpha_bout_variance_fraction_squared,0.0,0.0,0.0,exact,match,model consequence
two_object_phase,d=2/5;phase=13/40,p_alpha,0.275,0.275,0.0,exact,match,model consequence
two_object_phase,d=2/5;phase=13/40,p_polymorphy,0.65,0.65,0.0,exact,match,model consequence
two_object_phase,d=2/5;phase=13/40,p_kappa,0.075,0.075,0.0,exact,match,model consequence
two_object_phase,d=2/5;phase=13/40,alpha_entry_count,1.0,1.0,0.0,exact,match,model consequence
two_object_phase,d=2/5;phase=13/40,alpha_mean_bout_fraction,0.275,0.275,0.0,exact,match,model consequence
two_object_phase,d=2/5;phase=13/40,alpha_maximum_bout_fraction,0.275,0.275,0.0,exact,match,model consequence
two_object_phase,d=2/5;phase=13/40,alpha_bout_variance_fraction_squared,0.0,0.0,0.0,exact,match,model consequence
two_object_phase,d=2/5;phase=7/20,p_alpha,0.25,0.25,0.0,exact,match,model consequence
two_object_phase,d=2/5;phase=7/20,p_polymorphy,0.7,0.7,0.0,exact,match,model consequence
two_object_phase,d=2/5;phase=7/20,p_kappa,0.05,0.05,0.0,exact,match,model consequence
two_object_phase,d=2/5;phase=7/20,alpha_entry_count,1.0,1.0,0.0,exact,match,model consequence
two_object_phase,d=2/5;phase=7/20,alpha_mean_bout_fraction,0.25,0.25,0.0,exact,match,model consequence
two_object_phase,d=2/5;phase=7/20,alpha_maximum_bout_fraction,0.25,0.25,0.0,exact,match,model consequence
two_object_phase,d=2/5;phase=7/20,alpha_bout_variance_fraction_squared,0.0,0.0,0.0,exact,match,model consequence
two_object_phase,d=2/5;phase=3/8,p_alpha,0.225,0.225,0.0,exact,match,model consequence
two_object_phase,d=2/5;phase=3/8,p_polymorphy,0.75,0.75,0.0,exact,match,model consequence
two_object_phase,d=2/5;phase=3/8,p_kappa,0.025,0.025,0.0,exact,match,model consequence
two_object_phase,d=2/5;phase=3/8,alpha_entry_count,1.0,1.0,0.0,exact,match,model consequence
two_object_phase,d=2/5;phase=3/8,alpha_mean_bout_fraction,0.225,0.225,0.0,exact,match,model consequence
two_object_phase,d=2/5;phase=3/8,alpha_maximum_bout_fraction,0.225,0.225,0.0,exact,match,model consequence
two_object_phase,d=2/5;phase=3/8,alpha_bout_variance_fraction_squared,0.0,0.0,0.0,exact,match,model consequence
two_object_phase,d=2/5;phase=2/5,p_alpha,0.2,0.2,0.0,exact,match,model consequence
two_object_phase,d=2/5;phase=2/5,p_polymorphy,0.8,0.8,0.0,exact,match,model consequence
two_object_phase,d=2/5;phase=2/5,p_kappa,0.0,0.0,0.0,exact,match,model consequence
two_object_phase,d=2/5;phase=2/5,alpha_entry_count,1.0,1.0,0.0,exact,match,model consequence
two_object_phase,d=2/5;phase=2/5,alpha_mean_bout_fraction,0.2,0.2,0.0,exact,match,model consequence
two_object_phase,d=2/5;phase=2/5,alpha_maximum_bout_fraction,0.2,0.2,0.0,exact,match,model consequence
two_object_phase,d=2/5;phase=2/5,alpha_bout_variance_fraction_squared,0.0,0.0,0.0,exact,match,model consequence
two_object_phase,d=2/5;phase=17/40,p_alpha,0.2,0.2,0.0,exact,match,model consequence
two_object_phase,d=2/5;phase=17/40,p_polymorphy,0.8,0.8,0.0,exact,match,model consequence
two_object_phase,d=2/5;phase=17/40,p_kappa,0.0,0.0,0.0,exact,match,model consequence
two_object_phase,d=2/5;phase=17/40,alpha_entry_count,2.0,2.0,0.0,exact,match,model consequence
two_object_phase,d=2/5;phase=17/40,alpha_mean_bout_fraction,0.1,0.1,0.0,exact,match,model consequence
two_object_phase,d=2/5;phase=17/40,alpha_maximum_bout_fraction,0.175,0.175,0.0,exact,match,model consequence
two_object_phase,d=2/5;phase=17/40,alpha_bout_variance_fraction_squared,0.005625,0.005625,0.0,exact,match,model consequence
two_object_phase,d=2/5;phase=9/20,p_alpha,0.2,0.2,0.0,exact,match,model consequence
two_object_phase,d=2/5;phase=9/20,p_polymorphy,0.8,0.8,0.0,exact,match,model consequence
two_object_phase,d=2/5;phase=9/20,p_kappa,0.0,0.0,0.0,exact,match,model consequence
two_object_phase,d=2/5;phase=9/20,alpha_entry_count,2.0,2.0,0.0,exact,match,model consequence
two_object_phase,d=2/5;phase=9/20,alpha_mean_bout_fraction,0.1,0.1,0.0,exact,match,model consequence
two_object_phase,d=2/5;phase=9/20,alpha_maximum_bout_fraction,0.15,0.15,0.0,exact,match,model consequence
two_object_phase,d=2/5;phase=9/20,alpha_bout_variance_fraction_squared,0.0025,0.0025,0.0,exact,match,model consequence
two_object_phase,d=2/5;phase=19/40,p_alpha,0.2,0.2,0.0,exact,match,model consequence
two_object_phase,d=2/5;phase=19/40,p_polymorphy,0.8,0.8,0.0,exact,match,model consequence
two_object_phase,d=2/5;phase=19/40,p_kappa,0.0,0.0,0.0,exact,match,model consequence
two_object_phase,d=2/5;phase=19/40,alpha_entry_count,2.0,2.0,0.0,exact,match,model consequence
two_object_phase,d=2/5;phase=19/40,alpha_mean_bout_fraction,0.1,0.1,0.0,exact,match,model consequence
two_object_phase,d=2/5;phase=19/40,alpha_maximum_bout_fraction,0.125,0.125,0.0,exact,match,model consequence
two_object_phase,d=2/5;phase=19/40,alpha_bout_variance_fraction_squared,0.000625,0.000625,0.0,exact,match,model consequence
two_object_phase,d=2/5;phase=1/2,p_alpha,0.2,0.2,0.0,exact,match,model consequence
two_object_phase,d=2/5;phase=1/2,p_polymorphy,0.8,0.8,0.0,exact,match,model consequence
two_object_phase,d=2/5;phase=1/2,p_kappa,0.0,0.0,0.0,exact,match,model consequence
two_object_phase,d=2/5;phase=1/2,alpha_entry_count,2.0,2.0,0.0,exact,match,model consequence
two_object_phase,d=2/5;phase=1/2,alpha_mean_bout_fraction,0.1,0.1,0.0,exact,match,model consequence
two_object_phase,d=2/5;phase=1/2,alpha_maximum_bout_fraction,0.1,0.1,0.0,exact,match,model consequence
two_object_phase,d=2/5;phase=1/2,alpha_bout_variance_fraction_squared,0.0,0.0,0.0,exact,match,model consequence
bernoulli_temporal,n=3;rho=1/10,p_alpha,0.729,0.729,0.0,exact,match,model consequence
bernoulli_temporal,n=3;rho=1/10,p_polymorphy,0.27,0.27,0.0,exact,match,model consequence
bernoulli_temporal,n=3;rho=1/10,p_kappa,0.001,0.001,0.0,exact,match,model consequence
bernoulli_temporal,n=3;rho=1/10,expected_held_count,0.3,0.3,0.0,exact,match,model consequence
bernoulli_temporal,n=3;rho=1/4,p_alpha,0.421875,0.421875,0.0,exact,match,model consequence
bernoulli_temporal,n=3;rho=1/4,p_polymorphy,0.5625,0.5625,0.0,exact,match,model consequence
bernoulli_temporal,n=3;rho=1/4,p_kappa,0.015625,0.015625,0.0,exact,match,model consequence
bernoulli_temporal,n=3;rho=1/4,expected_held_count,0.75,0.75,0.0,exact,match,model consequence
bernoulli_temporal,n=3;rho=1/2,p_alpha,0.125,0.125,0.0,exact,match,model consequence
bernoulli_temporal,n=3;rho=1/2,p_polymorphy,0.75,0.75,0.0,exact,match,model consequence
bernoulli_temporal,n=3;rho=1/2,p_kappa,0.125,0.125,0.0,exact,match,model consequence
bernoulli_temporal,n=3;rho=1/2,expected_held_count,1.5,1.5,0.0,exact,match,model consequence
bernoulli_temporal,n=3;rho=3/4,p_alpha,0.015625,0.015625,0.0,exact,match,model consequence
bernoulli_temporal,n=3;rho=3/4,p_polymorphy,0.5625,0.5625,0.0,exact,match,model consequence
bernoulli_temporal,n=3;rho=3/4,p_kappa,0.421875,0.421875,0.0,exact,match,model consequence
bernoulli_temporal,n=3;rho=3/4,expected_held_count,2.25,2.25,0.0,exact,match,model consequence
bernoulli_temporal,n=3;rho=9/10,p_alpha,0.001,0.001,0.0,exact,match,model consequence
bernoulli_temporal,n=3;rho=9/10,p_polymorphy,0.27,0.27,0.0,exact,match,model consequence
bernoulli_temporal,n=3;rho=9/10,p_kappa,0.729,0.729,0.0,exact,match,model consequence
bernoulli_temporal,n=3;rho=9/10,expected_held_count,2.7,2.7,0.0,exact,match,model consequence
bernoulli_temporal,n=5;rho=1/10,p_alpha,0.59049,0.59049,0.0,exact,match,model consequence
bernoulli_temporal,n=5;rho=1/10,p_polymorphy,0.4095,0.4095,0.0,exact,match,model consequence
bernoulli_temporal,n=5;rho=1/10,p_kappa,1.0e-5,1.0e-5,0.0,exact,match,model consequence
bernoulli_temporal,n=5;rho=1/10,expected_held_count,0.5,0.5,0.0,exact,match,model consequence
bernoulli_temporal,n=5;rho=1/4,p_alpha,0.2373046875,0.2373046875,0.0,exact,match,model consequence
bernoulli_temporal,n=5;rho=1/4,p_polymorphy,0.76171875,0.76171875,0.0,exact,match,model consequence
bernoulli_temporal,n=5;rho=1/4,p_kappa,0.0009765625,0.0009765625,0.0,exact,match,model consequence
bernoulli_temporal,n=5;rho=1/4,expected_held_count,1.25,1.25,0.0,exact,match,model consequence
bernoulli_temporal,n=5;rho=1/2,p_alpha,0.03125,0.03125,0.0,exact,match,model consequence
bernoulli_temporal,n=5;rho=1/2,p_polymorphy,0.9375,0.9375,0.0,exact,match,model consequence
bernoulli_temporal,n=5;rho=1/2,p_kappa,0.03125,0.03125,0.0,exact,match,model consequence
bernoulli_temporal,n=5;rho=1/2,expected_held_count,2.5,2.5,0.0,exact,match,model consequence
bernoulli_temporal,n=5;rho=3/4,p_alpha,0.0009765625,0.0009765625,0.0,exact,match,model consequence
bernoulli_temporal,n=5;rho=3/4,p_polymorphy,0.76171875,0.76171875,0.0,exact,match,model consequence
bernoulli_temporal,n=5;rho=3/4,p_kappa,0.2373046875,0.2373046875,0.0,exact,match,model consequence
bernoulli_temporal,n=5;rho=3/4,expected_held_count,3.75,3.75,0.0,exact,match,model consequence
bernoulli_temporal,n=5;rho=9/10,p_alpha,1.0e-5,1.0e-5,0.0,exact,match,model consequence
bernoulli_temporal,n=5;rho=9/10,p_polymorphy,0.4095,0.4095,0.0,exact,match,model consequence
bernoulli_temporal,n=5;rho=9/10,p_kappa,0.59049,0.59049,0.0,exact,match,model consequence
bernoulli_temporal,n=5;rho=9/10,expected_held_count,4.5,4.5,0.0,exact,match,model consequence
bernoulli_temporal,n=10;rho=1/10,p_alpha,0.3486784401,0.3486784401,0.0,exact,match,model consequence
bernoulli_temporal,n=10;rho=1/10,p_polymorphy,0.6513215598,0.6513215598,0.0,exact,match,model consequence
bernoulli_temporal,n=10;rho=1/10,p_kappa,1.0e-10,1.0e-10,0.0,exact,match,model consequence
bernoulli_temporal,n=10;rho=1/10,expected_held_count,1.0,1.0,0.0,exact,match,model consequence
bernoulli_temporal,n=10;rho=1/4,p_alpha,0.0563135147095,0.056313514709472656,2.7346180875298387e-14,exact,match,model consequence
bernoulli_temporal,n=10;rho=1/4,p_polymorphy,0.943685531616,0.9436855316162109,2.1094237467877974e-13,exact,match,model consequence
bernoulli_temporal,n=10;rho=1/4,p_kappa,9.53674316406e-7,9.5367431640625e-7,2.499805985584254e-19,exact,match,model consequence
bernoulli_temporal,n=10;rho=1/4,expected_held_count,2.5,2.5,0.0,exact,match,model consequence
bernoulli_temporal,n=10;rho=1/2,p_alpha,0.0009765625,0.0009765625,0.0,exact,match,model consequence
bernoulli_temporal,n=10;rho=1/2,p_polymorphy,0.998046875,0.998046875,0.0,exact,match,model consequence
bernoulli_temporal,n=10;rho=1/2,p_kappa,0.0009765625,0.0009765625,0.0,exact,match,model consequence
bernoulli_temporal,n=10;rho=1/2,expected_held_count,5.0,5.0,0.0,exact,match,model consequence
bernoulli_temporal,n=10;rho=3/4,p_alpha,9.53674316406e-7,9.5367431640625e-7,2.499805985584254e-19,exact,match,model consequence
bernoulli_temporal,n=10;rho=3/4,p_polymorphy,0.943685531616,0.9436855316162109,2.1094237467877974e-13,exact,match,model consequence
bernoulli_temporal,n=10;rho=3/4,p_kappa,0.0563135147095,0.056313514709472656,2.7346180875298387e-14,exact,match,model consequence
bernoulli_temporal,n=10;rho=3/4,expected_held_count,7.5,7.5,0.0,exact,match,model consequence
bernoulli_temporal,n=10;rho=9/10,p_alpha,1.0e-10,1.0e-10,0.0,exact,match,model consequence
bernoulli_temporal,n=10;rho=9/10,p_polymorphy,0.6513215598,0.6513215598,0.0,exact,match,model consequence
bernoulli_temporal,n=10;rho=9/10,p_kappa,0.3486784401,0.3486784401,0.0,exact,match,model consequence
bernoulli_temporal,n=10;rho=9/10,expected_held_count,9.0,9.0,0.0,exact,match,model consequence
bernoulli_temporal,rho=1/4|1/2|3/4,p_alpha,0.09375,0.09375,0.0,exact,match,model consequence
bernoulli_temporal,rho=1/4|1/2|3/4,p_polymorphy,0.8125,0.8125,0.0,exact,match,model consequence
bernoulli_temporal,rho=1/4|1/2|3/4,p_kappa,0.09375,0.09375,0.0,exact,match,model consequence
bernoulli_temporal,rho=1/4|1/2|3/4,expected_held_count,1.5,1.5,0.0,exact,match,model consequence
one_bit_first_passage,n=2;q=1,expected_steps,1.0,1.0,0.0,exact,match,theorem
one_bit_first_passage,n=3;q=1,expected_steps,3.0,3.0,0.0,exact,match,theorem
one_bit_first_passage,n=3;q=2,expected_steps,3.0,3.0,0.0,exact,match,theorem
one_bit_first_passage,n=4;q=1,expected_steps,7.0,7.0,0.0,exact,match,theorem
one_bit_first_passage,n=4;q=2,expected_steps,8.0,8.0,0.0,exact,match,theorem
one_bit_first_passage,n=4;q=3,expected_steps,7.0,7.0,0.0,exact,match,theorem
one_bit_first_passage,n=5;q=1,expected_steps,15.0,15.0,0.0,exact,match,theorem
one_bit_first_passage,n=5;q=2,expected_steps,17.5,17.5,0.0,exact,match,theorem
one_bit_first_passage,n=5;q=3,expected_steps,17.5,17.5,0.0,exact,match,theorem
one_bit_first_passage,n=5;q=4,expected_steps,15.0,15.0,0.0,exact,match,theorem
one_bit_first_passage,n=6;q=1,expected_steps,31.0,31.0,0.0,exact,match,theorem
one_bit_first_passage,n=6;q=2,expected_steps,36.0,36.0,0.0,exact,match,theorem
one_bit_first_passage,n=6;q=3,expected_steps,37.0,37.0,0.0,exact,match,theorem
one_bit_first_passage,n=6;q=4,expected_steps,36.0,36.0,0.0,exact,match,theorem
one_bit_first_passage,n=6;q=5,expected_steps,31.0,31.0,0.0,exact,match,theorem
one_bit_first_passage,n=7;q=1,expected_steps,63.0,63.0,0.0,exact,match,theorem
one_bit_first_passage,n=7;q=2,expected_steps,72.3333333333,72.33333333333333,3.33244543071487e-11,exact,match,theorem
one_bit_first_passage,n=7;q=3,expected_steps,74.6666666667,74.66666666666667,3.33244543071487e-11,exact,match,theorem
one_bit_first_passage,n=7;q=4,expected_steps,74.6666666667,74.66666666666667,3.33244543071487e-11,exact,match,theorem
one_bit_first_passage,n=7;q=5,expected_steps,72.3333333333,72.33333333333333,3.33244543071487e-11,exact,match,theorem
one_bit_first_passage,n=7;q=6,expected_steps,63.0,63.0,0.0,exact,match,theorem
one_bit_first_passage,n=8;q=1,expected_steps,127.0,127.0,0.0,exact,match,theorem
one_bit_first_passage,n=8;q=2,expected_steps,144.0,144.0,0.0,exact,match,theorem
one_bit_first_passage,n=8;q=3,expected_steps,148.333333333,148.33333333333334,3.333298081997782e-10,exact,match,theorem
one_bit_first_passage,n=8;q=4,expected_steps,149.333333333,149.33333333333334,3.333298081997782e-10,exact,match,theorem
one_bit_first_passage,n=8;q=5,expected_steps,148.333333333,148.33333333333334,3.333298081997782e-10,exact,match,theorem
one_bit_first_passage,n=8;q=6,expected_steps,144.0,144.0,0.0,exact,match,theorem
one_bit_first_passage,n=8;q=7,expected_steps,127.0,127.0,0.0,exact,match,theorem
one_bit_first_passage,n=9;q=1,expected_steps,255.0,255.0,0.0,exact,match,theorem
one_bit_first_passage,n=9;q=2,expected_steps,285.75,285.75,0.0,exact,match,theorem
one_bit_first_passage,n=9;q=3,expected_steps,293.25,293.25,0.0,exact,match,theorem
one_bit_first_passage,n=9;q=4,expected_steps,295.5,295.5,0.0,exact,match,theorem
one_bit_first_passage,n=9;q=5,expected_steps,295.5,295.5,0.0,exact,match,theorem
one_bit_first_passage,n=9;q=6,expected_steps,293.25,293.25,0.0,exact,match,theorem
one_bit_first_passage,n=9;q=7,expected_steps,285.75,285.75,0.0,exact,match,theorem
one_bit_first_passage,n=9;q=8,expected_steps,255.0,255.0,0.0,exact,match,theorem
one_bit_first_passage,n=10;q=1,expected_steps,511.0,511.0,0.0,exact,match,theorem
one_bit_first_passage,n=10;q=2,expected_steps,566.666666667,566.6666666666666,3.333298081997782e-10,exact,match,theorem
one_bit_first_passage,n=10;q=3,expected_steps,579.333333333,579.3333333333334,3.333298081997782e-10,exact,match,theorem
one_bit_first_passage,n=10;q=4,expected_steps,583.333333333,583.3333333333334,3.333298081997782e-10,exact,match,theorem
one_bit_first_passage,n=10;q=5,expected_steps,584.333333333,584.3333333333334,3.333298081997782e-10,exact,match,theorem
one_bit_first_passage,n=10;q=6,expected_steps,583.333333333,583.3333333333334,3.333298081997782e-10,exact,match,theorem
one_bit_first_passage,n=10;q=7,expected_steps,579.333333333,579.3333333333334,3.333298081997782e-10,exact,match,theorem
one_bit_first_passage,n=10;q=8,expected_steps,566.666666667,566.6666666666666,3.333298081997782e-10,exact,match,theorem
one_bit_first_passage,n=10;q=9,expected_steps,511.0,511.0,0.0,exact,match,theorem
one_bit_first_passage,n=11;q=1,expected_steps,1023.0,1023.0,0.0,exact,match,theorem
one_bit_first_passage,n=11;q=2,expected_steps,1124.2,1124.2,0.0,exact,match,theorem
one_bit_first_passage,n=11;q=3,expected_steps,1145.46666667,1145.4666666666667,3.333298081997782e-9,exact,match,theorem
one_bit_first_passage,n=11;q=4,expected_steps,1152.06666667,1152.0666666666666,3.333298081997782e-9,exact,match,theorem
one_bit_first_passage,n=11;q=5,expected_steps,1154.26666667,1154.2666666666667,3.333298081997782e-9,exact,match,theorem
one_bit_first_passage,n=11;q=6,expected_steps,1154.26666667,1154.2666666666667,3.333298081997782e-9,exact,match,theorem
one_bit_first_passage,n=11;q=7,expected_steps,1152.06666667,1152.0666666666666,3.333298081997782e-9,exact,match,theorem
one_bit_first_passage,n=11;q=8,expected_steps,1145.46666667,1145.4666666666667,3.333298081997782e-9,exact,match,theorem
one_bit_first_passage,n=11;q=9,expected_steps,1124.2,1124.2,0.0,exact,match,theorem
one_bit_first_passage,n=11;q=10,expected_steps,1023.0,1023.0,0.0,exact,match,theorem
one_bit_first_passage,n=12;q=1,expected_steps,2047.0,2047.0,0.0,exact,match,theorem
one_bit_first_passage,n=12;q=2,expected_steps,2232.0,2232.0,0.0,exact,match,theorem
one_bit_first_passage,n=12;q=3,expected_steps,2267.8,2267.8,0.0,exact,match,theorem
one_bit_first_passage,n=12;q=4,expected_steps,2278.4,2278.4,0.0,exact,match,theorem
one_bit_first_passage,n=12;q=5,expected_steps,2282.2,2282.2,0.0,exact,match,theorem
one_bit_first_passage,n=12;q=6,expected_steps,2283.2,2283.2,0.0,exact,match,theorem
one_bit_first_passage,n=12;q=7,expected_steps,2282.2,2282.2,0.0,exact,match,theorem
one_bit_first_passage,n=12;q=8,expected_steps,2278.4,2278.4,0.0,exact,match,theorem
one_bit_first_passage,n=12;q=9,expected_steps,2267.8,2267.8,0.0,exact,match,theorem
one_bit_first_passage,n=12;q=10,expected_steps,2232.0,2232.0,0.0,exact,match,theorem
one_bit_first_passage,n=12;q=11,expected_steps,2047.0,2047.0,0.0,exact,match,theorem
gaussian_correction,inner=1/4,sigma_over_radius_at_maximum,0.581490885748,0.5814908857483071,3.070876886113183e-13,numeric,match,model consequence
gaussian_correction,inner=1/4,maximum_correction_probability,0.581763211314,0.5817632113141249,1.249000902703301e-13,numeric,match,model consequence
gaussian_correction,inner=1/4,derivative_at_maximum,3.2834046264e-16,3.283404626396425e-16,3.575019014848473e-28,numeric,match,model consequence
gaussian_correction,inner=1/2,sigma_over_radius_at_maximum,0.735534255037,0.735534255037358,3.58046925441613e-13,numeric,match,model consequence
gaussian_correction,inner=1/2,maximum_correction_probability,0.322674568835,0.3226745688347685,2.3148150063434514e-13,numeric,match,model consequence
gaussian_correction,inner=1/2,derivative_at_maximum,0.0,0.0,0.0,numeric,match,model consequence
gaussian_correction,inner=3/4,sigma_over_radius_at_maximum,0.872002302131,0.8720023021306239,3.7614356074300304e-13,numeric,match,model consequence
gaussian_correction,inner=3/4,maximum_correction_probability,0.138269632023,0.13826963202340314,4.0314973581700997e-13,numeric,match,model consequence
gaussian_correction,inner=3/4,derivative_at_maximum,7.30037167104e-17,7.300371671036563e-17,3.4377079135334405e-29,numeric,match,model consequence
